Locutor	Locución	Sarcasmo	Utsumi	hipérbole	Haverkate	Grice	Nakamura	Acto de habla
archer	Francamente no	false		false				
cheryl	Lo del canadiense. Por favor, como que vosotros no os tiraríais allí si pudieseis	false		false				
archer	Tienes razón. A lo mejor así te liberas de tu energía nagativa	false		false				
conway	Pues, tú sabrás	false		false				
lana	Para mí que fue Krieger	false		false				
slater	Y por qué tienes un bebé?	false		false				
lana	Lando	false		false				
madre de stan	En serio Randy, creo que este deporte le hizo algo de daño a tu cerebro	false		false				
krieger	Para, estáte quieto, para	false		false				
krieger	Esperad. No os ha parecido Archer un poco asustado?	false		false				
cartman	No, no, usted me jode. Al carajo!	false		false				
archer	Por Dios, pibe, ya te oigo	false		false				
cyril	Claro, él que fuma junto a la niña	true	insinceridad,alusión	false	distinto	calidad	norma	representativo
archer	Por no decir robotizado. ¿De dónde coño has sacado una mano biónica?	false		false				
slater	Pues, venga, subid atrás. Tengo un avión esperando	false		false				
archer	Recordadme que si ese desgraciado no os mata a todos, lo haga yo	false		false				
archer	No me jodas, Cyril!	false		false				
lana	¿Y qué haces en la ventana?	false		false				
stan	Y, pues existe un refrán hindu que dice, quien lo fundió, lo generó	false		false				
randy	Corten, perdón, voy de nuevo. Intento decir que deberíamos tener diez ligas de sarcasmobol y así todos pueden jugar. ¡Ah, mierda!	true	insinceridad	true	distinto	calidad		expresivo,representativo
archer	Que, es todo para ella	false		false				
butters	¡Muy bien! Disculpe, perdón. Ustedes lucen geniales. ¡Wow, este juego es genial!	false		false				
archer	¿Por qué no te callas?	false		false				
archer	Coronel Calrissiano, si no te importa	false		false				
abuelo	Oro de quatorce quilates con una turquesa y diamantes reales	false		false				
lana	¿Entonces, el plan de Conway no te parece innecesariamente complicado?	false		false				
randy	Ya sabes. Intenta llegar a la zona de notación, pero con mucha amabilidad	true	insinceridad	true	distinto	calidad		directivo
kyle	Sí	false		false				
butters	Tengo el globo, el entrenador Marsh. ¿Ahora qué hago?	false		false				
malory	Pues, yo, como es lógico	false		false				
guardia	Disculpe	false		false				
criminal	Por favor, le han disparado	false		false				
archer	Y yo voto por madre y Woodhouse	false		false				
madre de stan	Randy, algo te ha ocurrido. ¿No puedes dejar de ser sarcástico?	false		false				
ray	Pero, oiga, ¿son necesarias las armas? Lo pregunto totalmente en serio	true	insinceridad	false	distinto	calidad		representativo,expresivo
madre de stan	Oh, Randy, está ocurriendo	false		false				
stan	Lo siento chicos, mi papá dice que está muy ocupado con los Broncos, no tiene tiempo	false		false				
conway	Y oye, llámame si no te va bien con la cría	false		false				
padre de butters	¿Qué?	false		false				
lana	¿Y no crees que parecemos récien salidos de un culebrón brasileño?	false		false				
malory	Bien dicho	false		false				
madre de butters	¿Cómo ayudarían los sosténes y sombreros de papel?	false		false				
cartman	Puede ser. Necesitaré collares de oro, brazaletes de diamantes, y de esmeraldas	false		false				
slater	Espera, hablas urdu?	false		false				
lana	Porque sí, imbécil, resumiendo nos has cerrado en la limusina de las narices	false		false				
butters	Eh, oigan. No puedo creer lo que oigo. Practicamos y preparamos para este juego y quieren rendirse.	false		false				
archer	Sí lo soy	false		false				
kyle	No te preocupes, tiene que haber otro lugar donde compren oro cerca	false		false				
lana	¿Para criar a mi hija?	false		false				
lana	Ya que estás aquí, ¿por qué no nos cuentas cuál es la misión?	false		false				
archer	Esta Lana, mira que montar esto solo para que le llamara y pidiera ayuda. Y Slater con sangre falsa. Qué pena da el pobre	false		false				
krieger	Espera, sí, literalmente	false		false				
randy	No, no, el sarcasmobol no tiene nada que ver, yo sólo, sólo estoy disfrutando mucho del sarcasmo y debo buscar excusas	true	insinceridad,emocional	false	distinto	calidad	expectación	expresivo,representativo
butters	Bien, papá. Lo guardaré para después.	false		false				
slater	Sí, sospechábamos un poco	false		false				
cartman	Oh, ah... Tres dólares	false		false				
archer	Al suelo, mire, ¿qué estás? Uy, estaba haciendo un simulacro. Les estaba poniendo en prueba, buen trabajo.	false		false				
jugador	Cuando estoy agotado, es el único que me hace subir la compasión. Ahora de vuelta al campo	false		false				
sharon	Ah, miren eso! Una corbata de cordón. No es hermosa, Stan?	false		false				
archer	Espera, literalmente no, pero muchas	false		false				
lana	Decías algo acerca de un plan	true	alusión	false		calidad	expectación	representativo
slater	Pues vas mal	false		false				
randy	Sí, el otro equipo tenía una delantera tan ofensiva que me asustó mucho	true	insinceridad	true	distinto	calidad		expresivo
archer	Así mejor, que hay un bebé	false		false				
archer	Idiotas, hijos de puta, conmigo está el presidente de Brasil y su esposa. Y mirad, aquí, sucia, sucia. Toda, todas las armas al suelo	false		false				
archer	Porque es dónde se producen 80 % de los accidentes domésticos	false		false				
pam	Méxicano negro?	false		false				
conway	Bueno, idiotas. Gracias por ayudarme a pillar el disco. Los rusos me van a dar una pasta ancha por él	false		false				
malory	Una importante misión para ISIS que podemos. Enfestar de un chupe para hacer carambola	false		false				
randy	Gracias, doctor, muchas gracias	true	insinceridad,emocional	false	distinto	calidad		expresivo
cyril	Tendríamos que habernos ido antes	false		false				
randy	Oh, sí, buena esa	true	insinceridad,emocional	false	contrario	calidad		expresivo
archer	Han montado todo esto? Que me dispararan, que le dispararan a Slater?	false		false				
vivian	Oooo... No lo recuerdo	false		false				
archer	Esta vez han podido con el pobre Lando. Estoy acabado	false		false				
lana	Oh, pues, no te habría visto sopearte veinte copas y no haría falta para que te meneara	false		false				
butters	Es cierto, Eric me dice que debería ser una mujer por lo malo que soy	false		false				
criminal	Eh idiota, que soy paquistaní	false		false				
archer	Te he oído pero no pienso mover hasta que te lo pongas	false		false				
archer	Verdad?	false		false				
pam	Oye, oye, venga, seguro que, esperad, que no has secuestrado al bebé. ¿Pero de verdad en la buena?	false		false				
archer	Más de la de la terraza	false		false				
cyril	Iba a decir excesivo	false		false				
archer	Sí	false		false				
butters	Y cuando el otro equipo intenta acercarse, tendrémos que hacer un esfuerzo, llegar a nuestro centro cremoso. Es el lugar que tenemos adentro en que se encuentra todo el amor y felizidad que debemos usar para ser los jugadores más amables y compasivos que el mundo haya visto. Y sabrán que no caemos tan fácilmente	false		false				
archer	¿Eh sí? Perdón, es que me preocupa haber usado mal la palabra literalmente toda mi vida	true	insinceridad,emocional	false	distinto	calidad	expectación	expresivo
archer	Pero hay otras mesas	false		false				
jugador	¿Practicar un lunes luego de una victoria? ¡Genial!	true	insinceridad,emocional	true	contrario	calidad	expectación	expresivo
archer	Cállaos los dos. Por qué aviso a navegantes? Esto es un bebé	false		false				
archer	No, no para nada	true	insinceridad,emocional	false	contrario	calidad		expresivo
archer	Bueno, conmigo está el presidente de Brasil y su esposa grande	false		false				
archer	Ya, hola. Un mexicano negro?	false		false				
archer	¿Más jóven?	false		false				
conway	¿Crees que lo hay, torpe?	false		false				
periodista	El entrenador Bellici dijo: 'No podemos derrotar a los Broncos. Este entrenador les duró casi un día'	false		false				
krieger	Vale	false		false				
krieger	Más quisiera, digo no, no. Estaba haciendo un estudo de mercado para TB-800 alias ciberosíto de peluche	false		false				
archer	¿Tienes una hermana?	false		false				
cyril	¿Cómo se pierde un bebé?	false		false				
criminal	Pero creía que era algo racista	false		false				
stan	Papá	false		false				
randy	Seis mil?	false		false				
criminal	Voy a pedir refuerzos	false		false				
slater	Porque tiempo es crucial, asta ayer Baruk era un ciber espía de la inteligencia paquistaní. Pero ahora quere pasarse a nuestro bando	false		false				
stan	Sí, abuelo	false		false				
lana	¿Un poco? Nos mandaste a un… espera, nos seguiste hasta aquí	false		false				
slater	Eh?	false		false				
animador	¿Es futbol seguro para sus hijos? Un padre preocupado, Randy Marsh, dice que no. Comenzó un movimiento para reformar el deporte y ya tiene cientos de seguidores.	false		false				
ray	David, Key, Keith, Kenny	false		false				
empresario	Oye, niño, si tienes un problema con el sistema, estás en un lugar equivocado. Aquí solo fundimos lo que nos envían de los lugares de compra de oro	false		false				
archer	Ojalá siguiera entre nosotros. Podría haber parado algunas balas. Por Dios! En fin, van ocho incluida la que está en mi hombro, así que	false		false				
randy	Solo intento irme sin ser descortéz	false		false				
slater	¿Tenéis el disco?	false		false				
empresario	"""Nosotros no somos los que negamos el verdadero valor de sus joyas, el refrán hindu en realidad dice """"mai pai pachata hai"""""""	false		false				
krieger	No, pero cuando descubra cómo criar de tejido un oso de verdad para cubrirlo	false		false				
criminal	Ya pero	false		false				
kyle	Qué está haciendo?	false		false				
malory	No, no, no, claro que no	false		false				
archer	Vale	false		false				
archer	Nuestra hija, Lana	false		false				
criminal	Sobre todo hago improvisaciones	false		false				
lana	No, no, no puedes hacerte verbo, no te lo consiento	false		false				
archer	Qué?	false		false				
cyril	...Hay que fastidiarse	false		false				
archer	Oye, tú no eres mi jefe	false		false				
archer	No creo que pueda romper nada	false		false				
lana	¿Qué?	false		false				
lana	No, les maquillaron los de la CIA que les queda muy realista	false		false				
cartman	Esas corbatas están de moda, tiene suerte de tenerla	true	insinceridad	false	contrario	calidad		representativo,expresivo
archer	En serio, bueno, como decía	false		false				
abuelo	Amaba ese perro, me hico muy feliz siempre. Cuando murió no quise ponerme demasiado triste, porque pensé que siempre me quedaría el recuerdo de su caríta alegre. Yo no recuerdo cómo era su cara, Villy	false		false				
lana	Esta bolsa es de ropa, esa de pañales, en la nevera hay leche materna que excuso de tí	false		false				
archer	No	false		false				
randy	Gente, escuchen todos. Hay algo que deben saber acerca del sarcasmobol, es un juego totalmente seguro, sí super seguro, es tan seguro que cada niño de país debería jugarlo	true	insinceridad	true	distinto	calidad,cantidad		directivo,representativo
archer	Vale	false		false				
lana	Eres un traidor, hijo de puta	false		false				
stan	Ya no es una beba, abuelo, tiene trece	false		false				
conway	El archivo está en el servidor principal de le servicio secreto de la inteligencia argentio	false		false				
archer	Fue a apuntado con la pistola	false		false				
lana	¿Por qué? ¿Porque fui yo quien le arrancó la mano a Conway?	false		false				
cartman	Un momento, cuánto pagó por estas joyas?	false		false				
criminal	Ah	false		false				
rodger goodell	¡Bien hecho!	true	insinceridad	false	contrario	calidad		expresivo
todos	Sí	false		false				
stan	No te preocupes, abuelo, yo me encragaré de esto	false		false				
archer	Es un actor?	false		false				
cheryl	Solo a la gente niñera	false		false				
archer	Ya, me he pasado	false		false				
cyril	Está vacía!	false		false				
todos	Muy buenas	false		false				
niño	Sí, necesitamos más de tu jugo, Butters	false		false				
malory	Con la amenaza implicaré que te dispararé a los genitalios. Y luego me sentaré a beber jerez jamontillado mientras que te desangras	false		false				
las dos	¡Por Dios!	false		false				
rodger goodell	Bien. Ciertamente existen muchas estadísticas interesantes, Dan. Y estamos muy preocupados y esperando a ver si existe una relación directa entre futból y los traumas de cráneo	true	insinceridad	true	distinto	calidad		representativo,expresivo
cartman	Es cierto	false		false				
lana	La casa es segura para bebés?	false		false				
archer	Pam, la niña	false		false				
archer	Hmm… vale, pero luego seguimos mi plan	false		false				
butters	Señor Marsh, escuche, sé que se preocupa por su hijo, pero es un tremendo jugador. Hace buenas cosquillas, se ríe y tiene buen carácter	false		false				
randy	¿Féliz? ¡Contentísimo! Mire lo mucho que mejoró esto	true	insinceridad,emocional	true	contrario	calidad,manera		directivo
abuelo	Seis mil dólares	false		false				
malory	Por favor, no se les pueda contar nada	false		false				
archer	Cómo dices?	false		false				
archer	¿Lo dices en serio?	false		false				
fotógrafo	¿Muchachos, por qué no posan para una maldíta foto que quedará en la memoria del deporte?	true	emocional,alusión	false		manera		directivo
cyril	Aha, porque necesitas ayuda con la niña y no quieres llamar a Lana y vienes a pedirnos ayuda	false		false				
lana	No quiero que bebas nada	false		false				
archer	Cuando nos pidió que vinieramos a rescatarte	false		false				
archer	Ya si estuviera	false		false				
randy	Bien, aquí vamos. Miren como van a patear. Las jugadas especiales son las más importantes	false		false				
randy	Sí Stan, es lo que quiere la gente. No te preocupes, luces genial.	true	insinceridad,emocional	false	contrario	calidad		expresivo
conway	No Kane con K sino	false		false				
slater	Se producen en el cuarto de baño	false		false				
randy	Sí, sí, ya nos cansamos de que nuestros niños se golpeen en el campo y se lastimen. Hagámos el sarcasmobol el deporte oficial en todas las escuelas	true	insinceridad,emocional,alusión	false	distinto	calidad	expectación	representativo,directivo
pam	Espera, qué hago? La azotea es el primer sitio donde buscarán	false		false				
lana	¿Te puñalara por la espalda, no harás ninguna tontería en plan de venganza cuando abra la puerta?	false		false				
archer	Marchando una empanada familiar	true		false	distinto	manera,relevancia		comisivo
animador	El entrenador Martín se acerca para decírselo, pero parece que Jackson cree que está en su auto regresando a casa. Mientras esperamos nos alegra poder recibir el comisionato de NFL, Roger Goodell. Comisionato, mucho aburato para conmociones este año en la NFL. ¿Cómo maneja la liga todo esto?	false		false				
malory	¿La ibas a convertir en un robot?	false		false				
butters	Está aquí, unas veces se rebalsa	false		false				
butters	Y luego cuando intenten agradecernos por los clavos, les decirémos que no se agradezca porque hicimos lo correcto, y luego les sonreirémos	false		false				
criminal	A sí, eso tiene más sentido	false		false				
archer	¡Eso no! AJ si nos pasa algo	false		false				
lana	Archer, no vayas como loco. ¿Qué coños estás haciendo?	false		false				
butters	Oh, de acuerdo, aquí tienen	false		false				
conway	Y por venganza. ¿Te acuerdas cómo me arrancaste la mano?	false		false				
butters	Ah, papá, oye papá. 	false		false				
niño	No tenemos entrenador, Kyle	false		false				
criminal	Es viernes por la noche. Por qué coño hay gente aqui todavía?	false		false				
animador	Y aquí están las maldítas animadoras de Denver	false		false				
stan	Fue regalo de mi abuelo, sí, y le costó mucho dinero	false		false				
stan	Sí, no me gusta que se aprovechen de mí	false		false				
stan	Entonces, fuimos a la India, que es hermosa, creo, nunca había ido. Y aprendimos que quien lo fundió, lo negó, lo rimó y de hecho lo proveyó	false		false				
criminal	A mí o a él?	false		false				
anuncio	El jugo cremoso de Butters está lleno de todo lo que un atleta necesita: compromiso, compasión y camaradería. Y también viene en vase de cuarto litro	false		false				
criminal	No, mis compañeros lo inventaron para que Slater me llevara a usted y que usted me trajera aquí	false		false				
malory	Sí, pues claro	false		false				
conway	Lo iba a hacer, pero mujer, no soy un monstruo. Has sido madre	false		false				
archer	Un aplauso para el pibe	false		false				
stan	Genial, no volveré a usarla	false		false				
abuelo	Pero cuesta cinquenta mil. Lo dijeron en el canal de ventas de joyas	false		false				
conway	El servidor está en una cámara acorazada y reforzada con acceso mediante una tarjeta y escáneo de retina, en el último piso del sede del servicio de inteligencia, que está fuertemente custodiada por todos sus puntos por fuerzas especiales con órdenes de disparar a matar a toda persona no autorizada.	false		false				
archer	No tengo el urdu tan fresco como pensaba	false		false				
lana	Romperé el cristal	false		false				
criminal	Porcuro que no haya sorpresas	false		false				
periodista	Entrenador, victoria de tres a cero sobre los Stillers, se debe sentir un ganador	false		false				
archer	Ah, vale	false		false				
conway	Pues, sácale los ojos, ¿vale?	false		false				
archer	Ya os tendríais que haber ido, pero supongo que ya es tarde, así que...	false		false				
stan	Pero como puede salirse con la suya	false		false				
todos	¡Conway Stern!	false		false				
cyril	Venga, no podemos tener una noche de poker sin violencia?	false		false				
ray	Y Cheryl, qué?	false		false				
criminal	"""La única frase que sabes en urdu es """"no jodas cabrón violador de cabras""""?"""	false		false				
stan	Lo sé, habría deseado que me hubiera regalado el dinero en vez de esta corbata	false		false				
malory	Oh, por Dios bendíto	false		false				
archer	Iba a decir, era dos de dos chicos	false		false				
ray	Tengo tres en la saca, necesito cuatrao para el finde, me voy a Gaylandia	false		false				
archer	Sabías que mentía	false		false				
slater	Mejor me voy	false		false				
randy	Muchachos, escuchen, olvídense del día libre. Tenemos que practicar mañana	false		false				
kyle	Ni siquiera entendemos cómo se juega este juego	false		false				
lana	¿Y eso?	false		false				
cartman	Sucios hijos de puta traicioneros. Quieren dejarme fuera?  Me robaron la fórmula y luego intentaron joderme. Butters!	false		false				
kyle	Y qué significa	false		false				
archer	¿De dónde te sacas las veinte copas?	false		false				
cyril	Qué?	false		false				
archer	Verdad	false		false				
archer	Todo tiene su lógica	false		false				
slater	Vale te llamo cuando resuelven lo del topo para que lo lleves al nuevo piso franco	false		false				
cartman	No, yo no tengo ésa que te llevas dentro, Butters.	false		false				
conway	Bueno, saltar, llevo paracaigas	false		false				
guardia	Coronel	false		false				
archer	Ahora soy un verbo, Lana. Acepta la idea. Y de paso, cúbreme por favor	false		false				
dependiente de oro	Oro de quatorce quilates, diamantes y turquesa. Te doy quince dólares.	false		false				
randy	Esto es esprema	false		false				
lana	Archer, hablo en serio	false		false				
randy	Claro, le hizo algo a mi cerebro y ahora no puedo parar de ser sarcástico	true	insinceridad,alusión	false	contrario	calidad		representativo
kyle	Te necesitamos, Butters. Eres el indicado	false		false				
malory	Lo dije	false		false				
archer	No sé que le ocurrió, en fin, venimos a buscar unas cosas de la niña. Así que vamos a cogerlas. Maní?	false		false				
butters	Estaba teniendo un sueño feliz con una chica y…	false		false				
lana	Oh, sí Archer, tengo una hermana	false		false				
butters	No sé, nunca me había puesto en pensarlo	false		false				
randy	Lucen bien muchachos. ¡A patear culos!	true	insinceridad,emocional	false	contrario	calidad	expectación	expresivo,directivo
lana	Bueno, Conway, ganas este salto	false		false				
abuelo	Oy, es maravilloso, eso me pondría muy contento. Quiénes están?	false		false				
abuelo	Oh, parece que te divertiste mucho	false		false				
los dos	¡Dícelo a él!	false		false				
krieger	Vale, os voy a explicar todo eso	false		false				
randy	No entiendo cómo alguien puede jugar a esto con sinceridad	false		false				
padre de butters	Lo hablarémos cuando crezcas	false		false				
archer	No, era por saber si tenía que llevar un saco con el símbolo del dólar	true	alusión,insinceridad	true	distinto	calidad		representativo
archer	Y hablando de… cago la leche	false		false				
archer	Qué? Creía que significaba lo siento. Se ve que por eso aquella noche en el burdel de carrachi pasó de repente de malísima a mucho peor	true	insinceridad	false	contrario	calidad	expectación	representativo
lana	Quería saber si podía fiarme que te quidaras de AJ tú solo	false		false				
slater	Para que te controles	false		false				
archer	Joder, en fin, dudo que el robot tenga Bourbon y no me aptece tres en uno con cola, al menos que no haya, literalmente, nada más que beber	false		false				
conway	Sí claro, y más después de las malpinas.	true	alusión,insinceridad	false	contrario	calidad	predicción	representativo
stan	Cielos, mi abuelo pagó seis mil dólares para algo que casi no tiene valor algúno. Cómo, cómo puede ocurrir algo semejante?	false		false				
lana	¿Podríamos dejarlo ya, por favor?	false		false				
pam	Eso pensaba si se lo adreza a quienquiera que lo haya preguntado	false		false				
ray	Espera, qué?	false		false				
randy	Qué buen golpe. Recuerdenlo en la práctica mañana	false		false				
conway	Y pierde unos kilítos	false		false				
archer	Sí, tengo literalment miles de armas	false		false				
pam	Voy a darle yo violencia homófoba	false		false				
archer	Te iba a ofrecer una copa, pero solo tengo tequila y licor de café	false		false				
todos	Sí	false		false				
lana	Joder, Archer	false		false				
cartman	Oye, Butters. ¿Tienes un minuto?	false		false				
animadoras de denver	¡Vamos, Broncos, vamos!	true		false	distinto			directivo
archer	Pásalo bien y saluda a tu vida animal	false		false				
butters	Como yo	false		false				
archer	Literalmente, por la espalda, puñalada	false		false				
médico	No se puede, lo siento, no hay investigaciones que determinen los efectos del sarcasmo al cerebro	false		false				
cyril	Joder y qué hacemos?	false		false				
madre de stan	¿Randy, no vas a acompañar tu familia en la cena?	false		false				
stan	No, es un regalo que me dio mi abuelo, pero es tan costoso que me siento mal aceptarlo. Prefiero efectivo	false		false				
cartman	Mis bolas, mis bolas, chúpalas	false		false				
lana	Ya y	false		false				
anuncio	¿Juegas duro? ¿Necesitas una bebida deportiva que te de más energía? Los deportes de hoy son para gente amable, así que mejora tu desempeño con jugo cremoso de Butters. Estarás lleno de buenos sentimientos y serás más gentil que un rayo de sol	false		false				
dependiente de oro	Sí, pero los diamantes no me sirven para nada. Tendría que enviarlo a un fundidor que se ocupe de fundir el oro y quizás yo gane unos diez dólares	false		false				
krieger	Esta es la vieja	false		false				
criminal	Todavía tengo pistola	false		false				
archer	No estamos en el mismo bando?	false		false				
lana	Sí, tú sí que has que has perdidio peso Conway Stern o cómo te llames en realidad	true	insinceridad,emocional	false	contrario	calidad		representativo
pam	Venga, pues tan cabrones violadores de cabras a pelo y sin comodines	false		false				
lana	Porque tengo que herir tus sentimientos, si me pasa algo, y solo a mí Archer, AJ viviría con mis padres	false		false				
archer	No, Lana. Mirad, como tenga que parar, nos van a matar a todos, así que	false		false				
cheryl	¿Se refiere a mí?	false		false				
dependiente de oro	Nueve dólares	false		false				
archer	Lana, Lana, ¿es que tienes envidia de que soy un vergón?	true		false		calidad,manera		expresivo
ray	La madre que te parió	false		false				
sharon	Vamos, ábrelo, Stan	false		false				
criminal	Vamos es que no va armado, es lo que quiero decir	false		false				
archer	Bueno, de allí vamos, Conway, procura parecerse presidencia. Y Lana que parezcas eso, una señora, lo has gordado	false		false				
cheryl	Pásalo bien y ojalá que sufras de violencia homófoba	false		false				
ray	¡Jolín!	false		false				
criminal	Qué?	false		false				
cartman	"""Así es, los sujetes con carteles """"compramos oro"""" compran sus joyas de porquería. Sumamos con las canales de ventas y los dividimos por los viejos de mente, tenemos oro"""	false		false				
archer	Vale, harémos lo siguiente	false		false				
cheryl	Nada hasta que consultemos la cuija	false		false				
stan	¿Qué?	false		false				
stan	Alguien está en la cabeza de todo esto y alguien tiene que pagar. Solo estoy pidiendo una maldita retribución para mi maldito abuelo	false		false				
lana	Me busco a una canguro	false		false				
guardia	Su identificación, coronel, por favor	false		false				
slater	tenía	false		false				
slater	Perdón, se llama operación QUETE	false		false				
butters	¿Eh?	false		false				
randy	Sí, me gustaría hablar sobre esta nueva regla que en el futbol prohibe las patadas	false		false				
archer	Uno de los dos debería	false		false				
slater	Archer	false		false				
butters	Claro, Eric	false		false				
médico	Bien, tengo un idea aún mejor. Tomemos los fondos de investigación de cáncer y enfermedades genéticas, y hagamos comerciales que digan: 'hola, espectadores, quizás el sarcasmo no es algo muy bueno para tu cerebro'.	true	insinceridad,alusión	true	distinto	calidad	norma	expresivo,directivo
todos	Cómo dices?	false		false				
archer	No concozco a tal Lana, pero	false		false				
cartman	Ese niño nos quiere provocar. Dice cosas feas para que nos enojemos	false		false				
cartman	Eso es porque es muy gruño y negativo para creerlo. Necesita una bebida deportiva que eleve sus niveles de humanidad y bondad	false		false				
criminal	A qué majo!	false		false				
lana	Oh, no porque bastante tenías con tirarte a acero, luego a cristal o	false		false				
animador	Comprenlo y tomen el jugo	false		false				
lana	O si por nos lo vuelve a jugar	false		false				
lana	No está mal te voy a poner un siete	false		false				
criminal	Pues lo has portado imbécil. Cuánto de ha dado Lana por dispararme?	false		false				
archer	Racista serás tú en todo caso si mexicano o negro te parecen insultos. De hecho, mi hija es multiracial	false		false				
kyle	No, es quien lo negó, lo proveyó	false		false				
archer	Quería toda su atención	false		false				
sujeto de comprar oro	"""Por qué no les gritan a los encargados de fundir el oro? El refrán hindu dice: """"quien lo fundió, lo generó"""""""	false		false				
criminal	Por qué me pegas?	false		false				
criminal	Ah, ya, así que tiene armas aqui?	false		false				
stan	Qué? Eso le costó a mi abuelo seis mil dólares. Los diamantes son auténticos	false		false				
archer	Sí, Lana, ahora si tú me disculpas necesito atención médica con bastante urgencia, por tu culpa	false		false				
archer	Cállate, vosotros sacad a AJ y dejadme a mí el resto	false		false				
dependiente de oro	Es la mejor, es muy listo. Se aprovecha de mis precios bajos	false		false				
slater	Por qué...? Da igual	false		false				
malory	Sterling, el señor	false		false				
madre de stan	Stanley, solo busca tus cosas y nos vamos a casa	false		false				
stan	Abuelo?	false		false				
randy	¿Cómo va todo? ¡Increíble! Nadie sale lastimado, los niños están aprendiendo lecciones valiosas sobre abrazos y seguridad, porque de eso se trata el mundo	true	insinceridad,emocional,alusión	true	distinto	calidad	expectación	representativo
stan	Papá, ¿es necesario usar sosténes?	false		false				
lana	¿Y no es porque te gusta llevar ese bigotón cutre?	false		false				
archer	Qué tontería de conversación	false		false				
pam	Y eso es algo muy sagrado para nosotras así que ¿le ayudarémos a buscar a la pequeña J? En unos cin… quince o cuarenta minutos	false		false				
lana	De quién es esa pistola?	false		false				
sujeto de comprar oro 3	Qué es lo que dices, Gustof? Dios mío. Quieres decir?	false		false				
archer	¿Cómo los llamas?	false		false				
slater	Eso ya pensaba	false		false				
malory	¿Y por qué, por qué la tienes tú?	false		false				
kyle	Kenny, di a Cartman que se calle	false		false				
archer	¿Cómo es que sigues teniendo dos manos? ¡Hijo de puta!	false		false				
archer	Muy heróico, lo sé	false		false				
cyril	Y yo no lo he visto ni hoy	false		false				
cartman	¿La guardas toda?	false		false				
lana	Lo dices en serio?	false		false				
kyle	No te jodemos a ti. Ellos están jodiendo al abuelo de Stan	false		false				
archer	Uno, eran botellitas y dos me refiero a AJ. ¿Quién la va a cuidar si nos pasa algo a los dos?	false		false				
malory	Que las masticaras primero y se las escupieras en la boca	false		false				
lana	Archer, cierra el pico. Vas a ponerte bien	false		false				
archer	¡Joder!	false		false				
lana	Me busco a una canguro	false		false				
lana	Archer	false		false				
archer	Lana, tranquila, no beberé en tu ausencia y tomo esto muy en serio	false		false				
archer	Pues claro, es un cíborg, seguro que la clave era...	false		false				
lana	Eh, ya está bien	false		false				
slater	No	false		false				
archer	Sí llevo pipa, hombre no	false		false				
cartman	Durante siglos, los alquimistas han intentado crear la fórmula para crear oro. Quien pudiera crearla se volvería rico. Y ahora esta equación química está frente a sus ojos	false		false				
conway	En el skymal	true	insinceridad	false	distinto	calidad		representativo
archer	Sí es lo más lógico, claro, aunque seguro que son muy viejos	false		false				
lana	¿Hablando de qué?	false		false				
malory	Está aquí, cabeza hueca	false		false				
slater	Porque resulta que conocéis a la gente en cuestión. ¿Eh, le importa?	false		false				
cartman	Son nuevos tiempos, una nueva era de ciencia que solo pocos comprendemos	false		false				
archer	No	false		false				
archer	Te han puesto una mamada, ¿a qué sí? Y madre, Slater y CIA son idiotas por confiar en él. Pero me refería a volar en el mismo avión, Lana. Y si se llega a estrella	false		false				
animador	Estó tendrá que resolverlo el grupo fuera del campo	false		false				
dependiente de oro	Muy buen negocio. Es muy listo	false		false				
slater	Y por qué tienes el botiquín en la barra	false		false				
krieger	Pero	false		false				
pam	No deberías qué?	false		false				
archer	Ya, a su edad no sé ni para qué se molesta	false		false				
archer	Verás cómo... Joder tengo que pasarlo con algo. Has visto AJ? Ha sido una leccion sobre algo llamado seguridad de uno mismo. Y al contrario de que te hayan dicho, nunca es de más. Y el burbón. Dónde está el burbón?	false		false				
archer	Cállate, no te fastidies, te iba a llamar	false		false				
archer	Ay, madre, muy bueno, por un momento me lo he tragado	false		false				
lana	Mira	false		false				
pam	Eres un monstruo	false		false				
lana	¿En serio?	false		false				
animador	El marcador está cero a cero, mientras los Stines avanzan a los Broncos	false		false				
archer	Detrás de la barra, deja de gritar	false		false				
randy	Vamos, dense palmadas en las espaldas	true		false	distinto			directivo
stan	No, en esto no. ¿Qué hay del interior cremoso que nos hablaste? Esa que creemos que llevas dentro y que hace que seamos mejor jugadores del mundo	false		false				
stan	No pueden decirme qué hacer	false		false				
butters	Oh, lo siento, perdón	false		false				
criminal	Ya vale, pero las lleva encima? Lleva pipa?	false		false				
archer	Vaya, igual de ridículo	false		false				
stan	No le gustan las joyas, abuelo	false		false				
profesor	¿Sostenes?	false		false				
conway	Sí, sí, la mamá, no él jodía	false		false				
cartman	Soy idiota por saber matemática?	false		false				
archer	Aunque disfrutar no sea literalmente	false		false				
archer	Un momento, dame eso, a mi señal me pondré a tío. Vosotros idiotas salid corriendo y buscad a Pam y AJ y ponedlas a salvo antes de que lleguen más jilibollas	false		false				
conway	Es un archivo informático con la identidad verdadera de todos los agentes de CIA que operan en el centro de Sudamérica. Argentina lo usa para presionar y amenazar a contárselo a los rusos	false		false				
principal	¿Cómo va todo, entrenador?	false		false				
lana	¿Slater?	false		false				
stan	Así, claro, como él exagera cada enfermedad que tiene	false		false				
malory	Sí, es muchísimo pedir	false		false				
cheryl	¿Dónde está qué? ¿Te han tirado la cadena?	false		false				
cartman	No sé qué puedo hacer. Los niños comienzan a burlarse de mí porque no soy bueno en sarcasmobol. Soy malo siendo gentil. Soy tan malo que pareczo una gorda en bikini florecente en la playa	false		false				
archer	Qué bien que has hecho té. Porque me vendría bien uno con miel y limón. Y con Bourbon, pero aún mejor sin miel y limón ni té	false		false				
archer	Pues, como la vuelvas a asustar, vas a ver cómo te disparan a ti	false		false				
lana	Por lo menos Woodhouse, sí	false		false				
conway	Llévanos al garage, tío	false		false				
lana	Bueno	false		false				
cartman	Y creo que llevaré esa	false		false				
archer	Y vosotros estabáis conchabados?	false		false				
principal	Antes de comenzar esta reunión de padres y maestros. ¿Alguién tiene un asunto pendiente?	false		false				
stan	Quince dólares?	false		false				
cheryl	Fue violencia normal	false		false				
archer	Hmm… Voy a decir: '¡No!' ¡Venganza!	false		false				
malory	¿Hmmm? ¡Oh!	false		false				
kyle	Esto es ridículo. ¿En serio saldrémos a jugar contra los Norths así vestidos?	false		false				
mr. mackey	M'key, ¿le gustaría ser el entrenador de sarcasmobol de South Park?	false		false				
pam	No eran sólidas	false		false				
periodista	Creo, lo averiguarémos el domingo	false		false				
archer	Oye, lo de la mamada	false		false				
archer	Bueno, no se los pago	false		false				
abuelo	Un momento, un momento, por favor. Tengo un regalo para mi nieto. Ven aquí, Villy. Como has crecido, Villy, es hora de que tengas algo costoso y llamativo para impresionar a las muchachas 	false		false				
krieger	Deberíamos echar un ojo	false		false				
ray	Y bien, qué está pasando allí	false		false				
stan	Deberían a avergonzarse por la gente que explotan en nuestro país. Cómo se atreven a aprovecharse de los menos afortunados?	false		false				
butters	La primera línea cubrirá los huecos. Díle que te gustan sus uniformes. Clyde, Token, abracen a esos jugadores	false		false				
archer	Qué? Por qué?	false		false				
cyril	Vale, caray, ¿crees que en caso de fallecer serías la tutora legal de AJ?	false		false				
animador	Sí, no estoy seguro de que sea un pastel o quizá un pan. Pero definitivamente cree que está horneando algo	false		false				
cheryl	Haber lo dicho antes	false		false				
archer	En mi casa no, y por cierto. Qué hacéis en ella? Y quién es este?	false		false				
criminal	Esperé que...	false		false				
butters	No estamos ganando mucho, amigos	false		false				
slater	Pero luego le rancasteis la mano, así que	false		false				
ray	Por Cheryl	false		false				
archer	Vamos a ver Baruk, no sé lo que se cuenta por allí, pero las barbaridades que hayas oído que he hecho, realmente te falta el contexto, porque prácticamente en toda mi vida, prácticamente hasta ahora mismo he sido más bien un medio cañero. Pero eso era antes, antes de que tuviera una hija, una hija que has amenazado...	false		false				
krieger	Me encantan las noches de poker	false		false				
archer	Para empezar, me ha disparado dos veces	false		false				
ray	Y como es lógico voy a guardar mi pistol en la caja fuerte hasta que acabe la partida	false		false				
conway	Ah, lo siento, da igual	false		false				
cartman	¿Sí, Saben qué? ¡Al carajo!	false		false				
pam	¡Madre mía!	false		false				
criminal	Perdón es que he visto cómo dispararon a un tío	false		false				
todos	¡Sterling!	false		false				
archer	Y no es lo que quiero decir yo	false		false				
padre de butters	Butters, son sentimientos felices pero no hablemos de ellos	false		false				
criminal	Puedo decirle una cosa antes de que me mate a golpes?	false		false				
archer	Está claro que él cree tener un plan así que, pues, venga ¡qué hable!	true	alusión,insinceridad	false	contrario	calidad	expectación	representativo,directivo
lana	¿Qué información? Slater dijo que te sacará	false		false				
cartman	Hagámoslo. Stan, abrochame el sostén	false		false				
principal	¿Entonces, está féliz por todos esos cambios?	false		false				
archer	Yo he bordado	false		false				
dependiente de oro	No, no, no, me jode	false		false				
malory	Y yo, pero alguien me traicionó, una aspirante cantante de Country mentirosa	false		false				
slater	Los llamo freelance, sí cállate, haz el favor. El caso es que hay que sacarlo de la capital de Argentina	false		false				
todos	Sí	false		false				
principal	De acuerdo	false		false				
butters	Cuarenta y dos, rojo trece, pensamientos felices, felices para todos	false		false				
krieger	Oblígame!	false		false				
archer	Por qué has hecho esto?	false		false				
animador	Jackson atrapa el balón. Está corriendo por la meta y uuh.	false		false				
guardia	Por su puesto, coronel Cal.. Espere, Lando Calrissiano	false		false				
butters	Cielos, no sé, compañeros.	false		false				
animador	Oh, parece que algunos ex jugadores de NFL están entrando al campo. Está Maritin Gregors por seguridad y el defensor Jim Harrys. Parece que lleva los pantalones en tobillos. Alguién debería avisárselo. Y el excelente Mike Tetfield que parece estar horneando un pastel imaginario	true	insinceridad,emocional	true	distinto	calidad	expectación	representativo
lana	Mira	false		false				
archer	Sería dejarle ciego, pobrecito	false		false				
butters	Bien, Eric. Ya te dije que todos tenemos un interior cremoso de donde provienen todos los sentimientos de compasión y felicidad. ¿Tu papá nunca te lo dijo?	false		false				
archer	Qué?	false		false				
cartman	Intentan joderme con su negocio paralelo	false		false				
archer	La virgen. ¿No escansará hasta que estemos todos esclavizados por SkyNet?	false		false				
lana	No, no, me refiero a armas de fuego, por ejemplo. Están bien guardadas?	false		false				
randy	Bueno, papá, fue un placer volver a verte. Nos quedaríamos a cenar, pero este comida le provoca diarrea a Sharon	false		false				
lana	He tenido un bebé	false		false				
randy	Sí	false		false				
madre de stan	Lo lamentamos Stanley, no queremos que sigas jugando a este deporte	false		false				
archer	Seguro que sí, en algún momento, pero	false		false				
lana	¿El qué da igual?	false		false				
lana	¿Oh?	false		false				
lana	Archer	false		false				
lana	¿Qué? ¿Has terminado de archerizar?	true	expresivo	false			predicción	representativo
criminal	Porque menudo imbécil, verdad?	false		false				
conway	Ya sabía que el pelo de ese le haría pasar por latino para colarnos dentro	false		false				
butters	Me duelen los brazos	false		false				
slater	Todo tiene su lógica	false		false				
archer	Verás Slater. Cuando unos papás se quieren mucho...	true	alusión	false		manera		representativo
cartman	¡A la mierda, creo que sí!	false		false				
cartman	¿Butters, tu cremosidad funcionará en otra persona?	false		false				
sharon	Qué Randy?	false		false				
criminal	Eso dije yo	false		false				
archer	Me ha puñado literalmente por la espalda	false		false				
lana	¿Qué misión? ¿Vender tecnología militar confidencial a los chinos?	true	alusión	false			norma	representativo
conway	¿Y por qué tú y yo no nos líamos la última vez que trabajamos juntos?	false		false				
lana	Y dos de diez, porque eres un jilibollas de marca mayor	false		false				
malory	Sea cuál sea la misión, ISIS está a la altura. Somos profesionales y	false		false				
cartman	Lo invito lamernos las pelotas, señor	false		false				
cheryl	Yo qué sé que en la miente. Y ya ha venido un tal señor Ley para verla	false		false				
criminal	Además dudo que hable mucho cuando le haya pegado un tiro en la cara	false		false				
malory	De la pequeña J, ha desaparecido	false		false				
lana	¡Cállate! Conway era un traidor. Iba a vender el disco a los rusos	false		false				
niño	Entonces, llamemos a ? para decirles que nos retiramos	false		false				
pam	Y Woodhouse?	false		false				
randy	¡Sí, Sí, wohoo!	false		false				
archer	Lo siento, no quiero confundirme	false		false				
archer	Y el pago será?	false		false				
kyle	Rayos, esto es terríble	false		false				
cartman	No, a ellos les joden las mujeres asiáticas	false		false				
lana	Vagamente. Pero si lo que quieres es venganza, ¿por qué no me matas?	true	insinceridad	false	distinto	calidad		expresivo,representativo
archer	Para tu información Cyril, no necesito ayuda con AJ porque	false		false				
butters	¿Te sientes cálido y compasivo?	false		false				
slater	Por transferencia, algún problema?	false		false				
slater	Llévanos solo él y prestame una camisa	false		false				
archer	Y no le hagas daño	false		false				
slater	Ni que te llamen a jugar en primera división jugando en la tercera	false		false				
lana	Espera, ¿Argentina no es un aliado nuestro?	false		false				
archer	Tranquilo. No, joder, no tengo testamento	false		false				
pam	Yo soy notaria	false		false				
archer	No, Lana. ¡qué va!	true	insinceridad,emocional	false	contrario	calidad		expresivo
cheryl	No soy abogada laboralista, pero	false		false				
archer	Debo proteger a la niña	false		false				
malory	Pero, qué te pasa?	false		false				
archer	Entonces, en la CIA, no hay ningún topo	false		false				
archer	Sí, vamos a hablar de confianza!	false		false				
rondie	Caballeros, creo que confunden mi hospitalidad con debilidad. El precio es el precio, si quieren negociar, pueden hacerlo con mis socios	false		false				
todos	Quién?	false		false				
lana	¿Qué tal dejarle terminar?	false		false				
archer	Cago en la leche. Ray, pistola!	false		false				
pam	En Cánada funciona	false		false				
stan	Este juego es estúpido. No tengo ni idea de cómo salir al campo y ser amable con los del otro equipo	false		false				
randy	Sí, es increíble estar en tu programa	false		false				
slater	¿Que tenéis el disco?	false		false				
criminal	Caray, conduce de puta pena	false		false				
lana	Cómo, dónde está?	false		false				
randy	Vamos gente, veamos a esa regla de las patadas y regresemos al futbol	false		false				
archer	A ver, es que se lo voy a explicar	false		false				
cartman	No, amigo, es genial	true	insinceridad	false	contrario	calidad		representativo
randy	Oh, les encantará. Un deporte en donde solo importa la seguridad. ¿Por qué no le llamamos sarcasmobol?	true	alusión,insinceridad	true	contrario	calidad	expectación	expresivo,representativo
cheryl	Creía que era en tono irónico	false		false				
dependiente de oro	Esto no es robado, verdad?	false		false				
animador	Hola, amo el sarcasmobol como todo el mundo. Pero a veces es tan emocionante que necesito energía extra para terminar de ver un juego. Allí es cuando busco una botella de este jugo cremoso de Butters.	true	insinceridad	false	contrario	calidad		expresivo,representativo
kyle	Pero el gran juego contra ? este sábado	false		false				
pam	No me jodas, Mani	false		false				
pam	Así que haces improvisaciones	false		false				
stan	Sí, papá, bébe un poco de esto	false		false				
animador	Sí eso tiene mucho sentido, porque desde su promoción en el año 2006 ni siquiera tiene licencia para conducir	false		false				
lana	Vuelvo mañana por la noche, ya verás como me llamarás antes	false		false				
todos	No	false		false				
stan	Sí, aquí hay uno	false		false				
slater	Tecnología falsa que queríamos que China tuviera. Llevan años estudiando el propulsor de antimatéria	false		false				
animador	Demostrando lo que un padre preocupado puede lograr, Marsh terminó hablando frente de los líderes de Washington	false		false				
cartman	No tengo papá	false		false				
padre de butters	Oh, bien. Está bien Butters. Recuerda lo que hablamos. A veces nuestro relleno cremoso de felicidad crece de noche y se rebalsa	false		false				
médico	Lo siento, señor Marsh, pero parece que hay un daño permanente	false		false				
krieger	Ya gracias, señor craqueoso	true	insinceridad,emocional	false	distinto	calidad		expresivo
archer	Ahora se lo voy a decir a CIA y encontrarán el programa espía	false		false				
lana	Es una yurta	false		false				
árbitro	Mierda, es un maldíto multicampo	true		true		manera		representativo
slater	Solo Slater	false		false				
malory	Oh, mira qué eres. Hora de la siesta, tengo una reunión, adiós	false		false				
cyril	Lo robó todo. Se estableció en Europa como traficante de armas	false		false				
criminal	No se parece nada a su perfil con todo lo que se cuenta del caballero que es, pero le digo una cosa, Baruk lo entiende	false		false				
malory	Y Krieger, te juro por tu madre, como vuelva a pillarte cerca de la niña	false		false				
archer	No, no podemos. Quiero saber por qué deseas que no sea madre	false		false				
criminal	Cómo?	false		false				
randy	Cielo santo, sí. Me encantaría ser el entrenador del equipo de sarcasmobol	true	emocional,insinceridad	true	contrario	calidad		expresivo
niño	Ya tenemos joyas de porquería. Ahora nos queda buscar ancianos	false		false				
conway	¿Qué haces?	false		false				
cartman	Linda corbatíta, Stan	true	insinceridad	false	contrario	calidad		representativo
espectador	¡Wohoo! ¡Bien hecho, Cilo! ¡Es bueno verte en televisión!	true	insinceridad,emocional	true	contrario	calidad		expresivo
conway	Mmm, pero estás guapa, más relleníta de lo que recuerdo	false		false				
lana	Cago en la leche que no te voy a hacer una mamada	false		false				
stan	Sí, supongo que sí. Bien abuelo, quería entregarte un regalo	false		false				
randy	Sí, todos deberían usar sosténes. Y en vez de cascos, sombreros de papel aluminio, porque estamos en el futuro y no deberíamos ser tan bárbaros	true	insinceridad,alusión	true	distinto	calidad,relevancia	expectación	expresivo,representativo
cyril	Vamos, básicamente si no os matáis unos a otros, es por falta de armas de fuego	false		false				
eric	Es cierto, Butters	false		false				
abuelo	Shelly tiene trece? Claro, claro, cielos. Villy, alguna vez te conté que tuve un pastor escocés llamado Paties?	false		false				
cartman	Me duelen los brazos... Levanta el puto cartél, esto es un negocio	false		false				
padre de butters	"""Y te quedarás en tu habitación pensando lo que acabas de hacer. Solo porque la gente quiera que el futbol sea más seguro modificando una regla, no significa que puedas pensar: """"Oh, ¿por qué no nos bebemos nuestros espermas?"""" Un sarcasmo así es homofóbico, chovinista y completamete inmaduro. ¿Alguna pregunta?"""	false		false				
cheryl	Y ha venido un tal señor Ley para verla	false		false				
randy	Esto es bueno. Qué bueno que hayan venido en cantidades enormes para mostrar su apoyo al sarcasmobol	true	insinceridad,emocional	true	distinto	calidad		representativo
lana	Y si les pasa algo a ellos, viviría con mi hermana	false		false				
randy	Sí, no queremos que los niños se lastimen jugando al futbol. Pero creo que tengo un modo de mejorarlo más. ¿Por qué los jugadores no usan sostenes?	true	alusión,insinceridad,emocional	true	distinto	calidad,relevancia	predicción	expresivo
slater	Venga, Archer, 24 horas	false		false				
archer	¿Bien, qué haces aquí para empezar?	false		false				
kenny	Cierrate la boca, eres un idiota	false		false				
lana	Hay que ver, qué generoso	true	emocional,insinceridad	false	contrario	calidad	norma	representativo
slater	En tu casa	false		false				
animador	Siguiente producto es número 4568111. Miren estos imponentes aretes. Estos son aretes de faux genuinos. Oro de cuatorce quilates, safiros faux de ochenta y seis quilates. Faux es una palabra francesa, tiene una x pero la x ni siquiera se pronuncia. No les parece perstigioso? Estos aretes cuestan seis millones de dólares. Pero hoy los vendemos por tres cientos veinte dólares. Es un regalo, los teléfonos comienzan a iluminarse, creo que tenemos un comprador, hay un comprador. Sí pongamoslo en la línea. Con quién tengo el gusto de hablar?	false		false				
archer	Dónde se comprará la leche materna?	true	alusión	false		manera	expectación	representativo
archer	A quién le importa? No, lo pregunto de verdad	false		false				
krieger	Es de Paquistán?	false		false				
animador	Y ahora para interpretar el himno del sarcasmobol, el cantante Cilo	false		false				
animador	Bienvenidos al juego inaugural la liga nacional de sarcasmobol. Hoy tendrémos el enfrentamiento entre los Broncos de Denver y los Riders de Oakland. 	false		false				
archer	Cómo que está vacía?	false		false				
archer	Sí, pero dudo que	false		false				
kyle	Nosotros ya no pateamos más	false		false				
criminal	Protesto por el término canguro, porque claramente no soy un bebé	false		false				
randy	Ya dije mi preocupación, sí. Les advierto que ser así de sarcástico es peligroso	false		false				
archer	Me figuro que mientras te mato a golpes literalmente, espera, sí literalmente, la mano gicante cambiará mi selector de medio cañero a mega cañero	false		false				
archer	¿No está preocupada?	false		false				
lana	Bueno, yo lo llamaría un éxito relativo	false		false				
archer	Seguro que no cuentan que también cambio pañales, así que...	false		false				
archer	Qué coño pasa aquí?	false		false				
archer	En serio? A cubierto! Vamos, Cyril!	false		false				
archer	Krieger, los conductos de aire siguen con gas nervioso?	false		false				
cartman	Sí, se lo dije, estuve mirándolo todo el día	false		false				
cheryl	De verdad en la buena	false		false				
kyle	Ni siquera hacen un burrito de seis capas	false		false				
butters	Este gran juego no se basa en jugadas. Se basa en camradería y en la compasión. Y cuando miro en este vestidor, veo algunos de los chicos más amables y compasíbles que he conocido. Tú Ken, eres más amable que cualquiera y Clyde, tú, abrazas mejor que cualquiera en este campo de juego	false		false				
archer	Así que tenemos que ir a la armería	false		false				
archer	Lana, véte, AJ está en buenas manos. Sé lo que hago, he leído diez libros del club de las canguros	false		false				
archer	Eh, qué va! Solo esa frase!	false		false				
lana	De verdad?	false		false				
archer	Así, básicamente lo más cañero	false		false				
butters	Chicos, no entiendo el futbol. Por eso, creo que soy mal jugando	false		false				
conway	No, es.. blindado	false		false				
archer	Y sigo sin ver por qué tengo yo que cargar del pibe	false		false				
randy	Aubuelo, cuánto gastaste en eso?	false		false				
archer	Lana	false		false				
slater	Es Streling Archer, este es Baruk Ascani	false		false				
archer	Sí o en un motél o en un váter por...	true	alusión	false		manera		representativo
criminal	Quiero decir que esa es la única puerta	false		false				
lana	Espera, ¿ya te sabía la clave?	false		false				
criminal	Estoy cargando	false		false				
criminal	No le importa lo que estoy haciendo con su sevidor?	false		false				
pam	Con usted, cuesta distinguir	false		false				
randy	Sí, no, no. Bien hecho por usted	true	insinceridad	false	contrario	calidad		expresivo
archer	Y yo	false		false				
cartman	Hola, Craig, como estás? Token apuesto que tu mamá tiene joyas que no le extrañará perder. Bebe, te ofrezco algo para tus diamantes falsos de tus aretes. Quizá pueda darte... Butters, qué carajos!	false		false				
randy	Rayos, esto es genial, mi semana acaba de mejora mucho	true	insinceridad,emocional	true	distinto	calidad		expresivo
slater	Te pido que no sigas	false		false				
archer	Desintoxicándose	true	insinceridad	false	distinto	calidad		representativo
lana	¿Y puedes prometer que aunque Conway?	false		false				
archer	Sí, soy igualíto que Cristi con un toquecíto de Claudia	false		false				
dependiente de oro	"""Que se pasó por fuera de mi tienda y dijo: """"una señora asiática me encantará joderla"""". Un jodedor de mujeres asiáticas"""	false		false				
krieger	No	false		false				
archer	Es broma, son sus tres días libres anuales. Suelen ser dos, pero le he dejado recuperar uno del año pasado	false		false				
malory	Y ya que eres la única de aquí que odia a los niños	false		false				
stan	Tiene razón, chicos, a partir de ahora eres el capitán Butters. ¡Llévanos a la victoria!	false		false				
archer	Sí	false		false				
archer	Rondie?	false		false				
randy	Sí lo pienso realmente. Ayúdame, Sharon, ayúdame	true	insinceridad,alusión	false	contrario	calidad		representativo,directivo
randy	Sí claro, ahora no puedo dejar el sarcasmo	true	insinceridad,alusión	false	contrario	calidad		representativo
lana	¿Y por qué nosotros? ¿No es mejor que quede en casa en la CIA?	false		false				
las dos	¿La cabeza de quién?	false		false				
archer	Porque no quieres que beba licores	true	alusión	false	distinto	manera	expectación	representativo
lana	Pero cuando veas que no. Cállate! Esto es el número de centro de CIA de un empleado que vendrá a avisarme	false		false				
slater	Es Slater a secas y esperé. ¿Perdona, vamos a tener un problema tú y yo?	false		false				
cyril	Ray. ¿Lo ves?	false		false				
animador	Espera Vivian, te comunicamos con un representante y saludarás a él. Gracias por comprar con nosotros y felicitaciones por estos aretes faux de cuatorce quilates. A ese precio fue prácticamente un robo	false		false				
slater	Es que quieres cabrearme?	false		false				
anuncio	Busca ya una botella de la cremosidad de Butters	false		false				
slater	Esto a… ¿Vuelvo en otro rato?	false		false				
animador	No lo recuerdas? Pero recuerdas el número de tu tarjeta de crédito?	false		false				
cyril	Archer, eso es 	false		false				
jugador	¿Practicar un lunes? ¡Justo lo que yo quería hacer!	true	insinceridad,emocional	true	contrario	calidad	expectación	expresivo
lana	Oye, no te preocupes por AJ, ¿vale?	false		false				
randy	Fue bueno, Payton, pero hay que mejorar	false		false				
cartman	Tiene un sabor a humo y también a cloro	false		false				
criminal	No, gracias, no debería	false		false				
stan	Sí amigo, es una réplica de la corbata del Rey Enrique V	false		false				
pam	Á mí no me grite que no la he perdido. Intente volver sobre sus patos	false		false				
cartman	Bueno, no estoy jodiéndola y lo sabe	false		false				
lana	De las diez dobles	false		false				
criminal	Buena suerte con las cartas sangrientas	false		false				
krieger	Y literalmente	false		false				
pam	¡Eh! ¿Es mucho pedir durante la maldíta jordana laboral dos sesiones de ochenta minutos sin interrupciones para cagar?	false		false				
lana	Eso no es excusa... Espera esa es tu excusa?	false		false				
stan	Ustedes son la escoria del mundo! Los ancianos son víctimas de canales de venta y ustedes descansan en sus mansiones y ganan billones!	false		false				
lana	No	false		false				
lana	Oye, nos vamos en cinco minutos	false		false				
stan	Sí puede hacerle pruebas	false		false				
randy	A caso no ven. Ya que estamos en esto, deberíamos reemplazar el balón por un globo. Y quién atrape el globo correrá mientras el resto de los jugadores se abrazan	true	alusión,insinceridad	true	distinto	calidad,relevancia	expectación	representativo
kyle	Este sujeto intenta timarnos podemos ir a otro lado	false		false				
lana	Por qué iba a traer cerveza?	false		false				
archer	Sí, idiota y también varias balas	false		false				
cyril	Y mientras sacamos AJ de aquí, tú qué vas a hacer?	false		false				
randy	Momento, momento, wow. ¿Qué mierda es esa?	false		false				
criminal	Mucho, venga, ahora meta la secuencia de datos...	false		false				
dependiente de oro	Qué esmeralda le gusta	false		false				
slater	Sí, Conway Stern. ¿Preguntas?	false		false				
archer	Sí	false		false				
criminal	Sí ya la tengo. Qué bien!	false		false				
krieger	Sí, pero 	false		false				
stan	Tiene idea de como se sentiría comenzar a perder sus recuerdos? No, porque ninguno de sus familiares está sufriendo de alzheimer, pues yo sí	false		false				
rodger goodell	Como comisionado de NFL, me entusiasma ver que la joventud de nuestro país acepta el sarcasmobol sobre el futbol tradicional. ¿Pero, por qué detenernos allí? Como futbol es de bárbaros, nosotros deberíamos cambiar también. Le demos la bienvenida al nuevo entrenador de Broncos de Denver, Randy Marsh. Felicitaciones Marsh, buen trabajo	true	insinceridad,alusión,emocional	true	distinto	calidad		representativo,expresivo,declarativo
lana	¿Lo dices porque tienes hambre?	true		false		calidad	expectación	representativo
archer	A tu ridículo, qué es un tipi?	false		false				
cartman	Qué dijo?	false		false				
dependiente de oro	Bienvenido, bienvenido a la tienda de despeto	false		false				
cartman	Como verá, quiero evitar los intermediarios. Quiero comprarles sus joyas directamente a ustedes para... Hijos de puta!	false		false				
archer	Después de puñalarme, literalmente, por la espalda	false		false				
archer	Sí. ¿Puedo empezar, yo? ¿Os importa si empiezo yo? Tú estás como una puta cabra	false		false				
criminal	Esos tíos. Qué imbéciles! No?	false		false				
cheryl	¿Qué haces Ley?	false		false				
madre de stan	¿No ves qué este deporte le hizo a su padre? ¿Acaso quieres terminar como él?	false		false				
espectador	¡Sí, soy fanático de todas tus temas de moda!	true	insinceridad,emocional	true	distinto	calidad		expresivo
archer	Claro que lo vamos a hablar luego, te lo prometo	false		false				
madre de stan	¿Randy, te lo piensas?	false		false				
archer	Ni tú. Me de igual que seaís el presidente y la primera dama de Brasilia de visita en América de buena voluntad para los sedes de los servicios de la inteligencia. El coronel Lando de las fuerzas especiales no trabaja para tí.  Aunque, la tapadera, la has clavado	false		false				
ray	Qué ha dicho?	false		false				
todos	¿Eso qué es?	false		false				
archer	No, en serio	true	alusión,emocional,insinceridad	false	contrario	calidad		representativo
slater	De acuerdo, pero porque yo quiero. Uno de nuestros, pues supongo que podemos llamarlos freelance.	false		false				
conway	No me jodas	false		false				
butters	Oh, siento, lo siento. Todos tenemos un relleno cremoso, Eric. Y muchos tenemos tantos sentimientos que de vez en cuanto se escapan. Muchas veces que estoy durmiendo, y en especial, si estoy teniendo sueños hermosos que me hacen sentir bien. A veces me despierto y cuando lo hago, me doy cuenta de que mi cremosidad se salió. Oy, Dios, esta vez fue mucho. Pero siempre me aseguro guardarla por si me quedo sin mis sentimientos de felicidad	false		false				
butters	Mi cremosidad no sale todas las noches, pero va seguro de estar abastecido	false		false				
criminal	Eres él que está desangrando	false		false				
lana	¡Eh!	false		false				
archer	Archerizar este plan	false		false				
archer	Callados y esperad a mi señal	false		false				
criminal	Solo ese	false		false				
butters	¿Qué es sarcasmo y qué es esperma?	false		false				
sujeto de comprar oro 4	Así es, quien lo rimó, nos timó	false		false				
butters	Sí, pero no puedo ser el capitán. Soy malo en todo	false		false				
cheryl	El mexicano negro	false		false				
criminal	Espere, espere	false		false				
archer	No señor Archer, ni hablar, no hasta que me lleve a la sede de ISIS para que pueda acceder al ordenador central	false		false				
guardia	Y su identificación, por favor	false		false				
stan	Y en la escuela no hacemos las jugadas ya que son peligrosas	false		false				
animador	Mali tiene el globo. Está deciendo cosas muy lindas sobre el otro equipo. Malin se encuentra con G Woodly. Le entrega el globo a Woodly. El árbitro se acerca. El árbitro decide que es una notación. Espera, ahora se acerca otro árbitro y señala que es un punto en contra	false		false				
abuelo	Algún día le gustarán, le gustarán mucho. Ella es un beba todavía. 	false		false				
dependiente de oro	Muy buena elección. Es muy hermosa, miren es muy hermosa	false		false				
archer	Baruk?	false		false				
cheryl	Primero, lo del mes pasado no fue violencia homófoba	false		false				
archer	Y ya estoy haciendo de canguro de que claramente sí es un bebé	false		false				
archer	Estáis jugando al strip poker?	false		false				
butters	Mi salchicha está dura como una flecha	false		false				
lana	Mi?	false		false				
lana	Pero, podrías haber conseguido el disco tú solo. ¿Para qué nos has hecho venir?	false		false				
stan	No collar de oro con diamantes	false		false				
malory	Por favor, es un esqueleto de bebé	false		false				
randy	Se acabó. Debería irme a casa y olvidarme de lo que este deporte me ha hecho. ¡Que miles de personas juegen el sarcasmobol y terminen como yo!	true	insinceridad,emocional	true	distinto	calidad	expectación	expresivo,representativo
un niño	No recuerdo si debemos abrazar el defensor o decirle algo lindo. Estoy confundido	false		false				
criminal	Dónde cojones está el botiquín	false		false				
criminal	Así?	false		false				
slater	Me voy	false		false				
stan	Esta corbata cuesta seis mil dólares	false		false				
malory	tiene	false		false				
criminal	Claro que sí. Puedo cogerla?	false		false				
dependiente de oro	De acuerdo, de siete capas, pero esto es mi mejor oferta	false		false				
dependiente de oro	Son diamantes genuinos, verdad?	false		false				
lana	Acabo de hacer. A ver dónde está y cuál es la información	false		false				
conway	Como una mujer despechada, ¿te acuerdas de que te despeché un poco la última vez que nos vimos?	false		false				
archer	Cómo que no? Y se ve que es una bromista, pero le aseguro señor Archer, que todo esto es muy real	false		false				
krieger	Bueno, ¿qué tal? ¿Cómo te va?	false		false				
archer	¿Qué te importa, Lana?	false		false				
cartman	Butters, tú entiendes este juego mejor que nadie	false		false				
kyle	¿Eh, cómo es que no tenemos un entrenador?	false		false				
cyril	Nos vamos ya?	false		false				
slater	Sí, ese Ley te da secas, una sola palabra y…	false		false				
archer	Hola, chicos	false		false				
cyril	Yo no te jodo	false		false				
animador	Lo cierto es que el juego es muy emocionante. Y un juego emocionante que terminó en cero a cero es un juego que quiero ver dos veces. Es un juego que quiero ver cuatro veces. Oye esto, quiero ver este juego cinco veces. Buena suerte el domingo. Seguro que será otro juego que querré ver dos veces. Oye esto, trece veces	true	insinceridad	true	distinto	calidad,cantidad	expectación	expresivo,comisivo
malory	Tóma ya, actos se estudian	false		false				
malory	En los cojínes de sofá no he estado	false		false				
conway	Creo que sufro una conmoción. El infierno no conoce ira, ¿eh?	false		false				
cheryl	Haber cruzado el río grande?	true	alusión	false		relevancia		representativo
cyril	Cuando cerramos, aquel tipo	false		false				
conway	¿Su hija es tuya?	false		false				
padre de butters	Oh, bien, Butters. Es la brújula de amistad. Cuando hay amigos tuyos en el área, tu pequeña brújula indica donde están. Apunta hacia arriba, porque Jesús es tu amigo	false		false				
ray	Rondie, era el que estaba pensando	false		false				
randy	Mi hijo está jugando a ese juego ahora. Me alegra el corazón ver como usted se preocupa por su seguridad	true	insinceridad,emocional	true	distinto	calidad	expectación	expresivo,representativo
randy	Gracias, comisionado. Me emociona formar parte de todo esto, gracias	true	insinceridad,emocional	false	contrario	calidad		expresivo
cheryl	Creía que era la cuija	false		false				
cartman	No sé, creo que llevaría esa de allí	false		false				
archer	Ya lo sé	false		false				
lana	A él, Slater dice que has estado genial	false		false				
butters	No Eric, eres un jugador genial	false		false				
empresario	Quien lo negó, lo proveyó	false		false				
criminal	Recargando, no sé para qué lo digo en voz alta	false		false				
criminal	Porque así lo siguiente será mucho más fácil, bueno para mí	false		false				
butters	Bien hecho niño	false		false				
abuelo	Oh, para mí? Oh, dios mío, allí está, el viejo Patches con su caríta de felizidad. Gracias Villy, significa mucho para mí. Villy, esa corbata que usas, no sé de dónde la sacaste pero es supergay	false		false				
dependiente de oro	Pagué miles, y usted me jode	false		false				
lana	Se me ocurren unas cuántas más	false		false				
guardia	Su identificación, coronel	false		false				
malory	Y como le hayas tocado un solo pelo en su cabecíta castaña, te voy a	false		false				
cheryl	Porque te voy a molar los sesos en las escaleras de color	false		false				
criminal	Y haberle contado lo que estoy haciendo ha sido claramente para despistar. Vale?	false		false				
pam	No, es que aquí hace un calor de cojones	false		false				
stan	Un burrito de seis capas?	false		false				
stan	No?	false		false				
archer	Oh, por un momento creía que eráis Lana	false		false				
sharon	Es una hermosura, papá, gracias. Oy, mañana les toman los fotos escolares, también puede usarla	false		false				
archer	Es que estás de su lado? Ese cabrón ha amenazado a hacer daño a AJ. Que ahora que lo pienso es la culpable de todo esto...	false		false				
randy	Gracias, Jim, porque esa siempre fue mi intención desde que se me ocurrió la idea, sabía que iba a terminarse de este modo	true	insinceridad	false	distinto	calidad		expresivo,representativo
archer	¿Y cuándo? ¿Por qué no quieres hablar de ello, Lana?	false		false				
criminal	Deje de decir eso	false		false				
ray	¿Tu sabes cómo eres? Si es alguien de aquí, seré yo	false		false				
archer	Pero voy a dar por hecho que ha pedido refuerzos	false		false				
archer	Sí	false		false				
archer	Por Dios, te tienes que relajar. Oh uah? Y no hay cerveza?	false		false				
animador	Sí, Jackson recibe un golpe real, y no estoy seguro de lo que hace ahora, pero	false		false				
vivian	Eh 37 15	false		false				
todos	Sí	false		false				
cilo	Amo el sarcasmobol. Es mucho mejor que el futbol. Me alegra que no haya violencia en los deportes. Y el sarcasmobol es más divertido para ver	true	insinceridad,emocional	true	contrario	calidad	expectación	expresivo
randy	Sí, sí, hagámos esto, la economía está en excusado, se acerca una elección importante, pero la prioridad de este país debe ser que el futbol sea más seguro	true	insinceridad,alusión	true	distinto	calidad	expectación	representativo,directivo
mr. mackey	Sí, decidíamos que sin las patadas por la preocupación creciente de las conmociones, m'kay	false		false				
krieger	No, no dispares. Allí está el bebé	false		false				
malory	Eso también	false		false				
archer	Vale, sí, ten cuidado. 	false		false				
slater	En fin, hasta que encuentren el topo y lo saquen, necesito que hagas canguro	false		false				
malory	El señor Slater	false		false				
archer	Y quítate ese chisme tan ridículo	false		false				
archer	Sí, Lana, en serio. ¿Por qué mi madre no es apta para criar a AJ?	false		false				
cheryl	En Cánada no funciona nada	false		false				
cheryl	Parece que quiere ocultarlo	false		false				
randy	Eso es	false		false				
ray	Esto no se ve todos los días	false		false				
criminal	Oye, oye, tienes que escuchar, no sé qué pasa aquí, pero tienes que darme la niña.	false		false				
todos	¿Qué?	false		false				
malory	Estaba allí en el cochecíto, me puse una copa, llamó mi peletero, por cierto, me roba descaradamente. Llamé a la imigración para intentar que le deportaran a su padre. Me puse otra copa, pero no quedaba hielo, así que, ¡ah!	false		false				
butters	Sé positivo, Stan. Chicos, abracense, abracense. ¿Bien, qué está ocurriendo aquí?	false		false				
archer	Vale	true	insinceridad,alusión	false	contrario	calidad	expectación	expresivo
lana	Y calla. ¿Y qué operación está llevando a cabo CIA en Argentina?	false		false				
randy	Gracias, Jim	false		false				
slater	Sí por los oídos, cállate!	false		false				
criminal	Perfecto!	false		false				
slater	En fin, lo llevaba un piso Franco de la CIA, pero nos estaba esperando varios de sus ex compañeros y he tenido que salir a tiros	false		false				
archer	Pero cómo sabían dónde? Por Dios, habrá un topo en la CIA?	false		false				
médico	¿En serio? ¿Cree que hay una relación entre el sarcasmo y el sarcasmobol de verdad? ¡Qué fascinante, continúe por favor!	true	insinceridad,alusión	false	distinto	calidad		expresivo,representativo
animador	Vivian, acabas de conseguir un regalo. Cómo es tu apellido, corazón?	false		false				
lana	No te queda azúcar	false		false				
lana	Bueno, puede… Aunque tiene mala pinta	false		false				
randy	Oh, sí, porque tengo mucho tiempo para eso, Sharon. De hecho por qué no preparas una cena de cuatro platos para todos, mejor una cena de siete platos.	true	insinceridad,alusión	true	distinto	calidad,cantidad		representativo,directivo
malory	Y los demás, no veo la necesidad de contarle a Lana lo sucedido. ¿Entendido?	false		false				
archer	¿Quién eres? Eh espera, no recuerdo	false		false				
malory	¿Dónde está?	false		false				
lana	Archer, no te	false		false				
niño	¡Ay, sí!	false		false				
dependiente de oro	Bienvenidos a Tac Bell, les gustan nuestros doritos locos tacos?	false		false				
stan	Quiero saber cuánto ofrece por esta corbata de oro y diamantes	false		false				
criminal	A dónde creía que va? 	false		false				
slater	Y cien grandes	false		false				
lana	A ti, te he quitado un punto porque Pam estaba dando a AJ salchichas para comer	false		false				
animador	Parece como si estuviera buscando sus llaves, Dan	false		false				
lana	¿Solo Bourbon?	false		false				
criminal	Yo	false		false				
animador	Jackson se detuvo a las 45 y se levanta lentamente 	false		false				
cartman	Amigo, es supergay	false		false				
butters	Perdón	false		false				
malory	Vale ya Sterling, algo habrías hecho, estoy segura. Pero ahora tienes la ocasión de enmendarlo, algo que no es muy frecuente	false		false				
criminal	Sí en el sueño improbable en el 23 de Lexington...	false		false				
kyle	Esa es la equación para crear el oro?	false		false				
randy	¿Ah?	false		false				
stan	Gracias	false		false				
archer	No hasta que me tome este batido de mate y caña con una nube de tres en uno	false		false				
conway	Sí, hombre, todos lo veímos venir. ¡Suéltalas!	true	alusión,insinceridad	false	distinto	calidad	expectación	expresivo,directivo
cartman	¿Quién lo necesita? Tenemos a Butters	false		false				
archer	Literalmente	false		false				
animador	Bien amigos, estamos a la mitade de nuestra transmisión de hoy. Quieren aprovechar las ofertas? Llamen ya!	false		false				
abuelo	Es un buena idea	false		false				
animadoras de denver	¡Wohoo! ¡Vamos Broncos, vamos! ¡Qué alegría de mierda!	true	insinceridad,emocional	false	distinto	calidad,manera	expectación	directivo,expresivo
butters	¿Qué, qué? ¿Oh? ¡Oh! ¡Papá! Volvió a ocurrir. Volvió a salirse mi cremosidad	false		false				
criminal	Perdón?	false		false				
stan	No estamos siendo sarcásticos papá. ¿Es tan difícil creer que realmente disfrutamos de un juego sin violencia? ¿Te cuesta tanto creer que cuando Butters dice que la competitividad no puede estar compasiva, está siendo sincero?	false		false				
cartman	Estoy en el negocio de reventa, pero no consigo suficientes joyas de la gente, así que quiero comprar las suyas	false		false				
ray	Está en la caja fuerte!	false		false				
malory	¡Te voy a matar!	false		false				
lana	Conway, coge lo que necesites, me figuro que unas pilas nuevas, y vamos a sacarte da aquí.	true	insinceridad	false	distinto	calidad		directivo
criminal	Espero no tener que llegar hasta eso	false		false				
stan	Es la misma corbata que tenía el Rey Enrique V	false		false				
archer	Vale	false		false				
stan	Cartman, eres idiota	false		false				
archer	Coño	false		false				
criminal	Ha contratado a un canguro, hola soy Maní	false		false				
animador	Randy, primero permiteme agradecerte por tomar un juego que amamos y convertirlo en una pesadilla. ¡Muy bien hecho!	true	insinceridad,emocional	false	distinto	calidad	expectación	expresivo
criminal	Se lo diré de todas formas, lo estoy usando para colocar mi programa de espía ultramoderna en la sede de CIA para que la inteligencia paquistaní sepa todo lo que hacen en tiempo real	false		false				
randy	Oh, sí soy el que inventó el sarcasmobol. No hay manera de que sepa cómo entrenarlos	true	insinceridad,alusión	false	distinto	calidad	expectación	representativo
stan	Butters, eres malo en todos los deportes	false		false				
randy	Sube al auto, Stan. Nos vamos a la casa	false		false				
randy	Ah, bien hecho, árbitros del juego	true	insinceridad,alusión	false	contrario	calidad	expectación	expresivo
cheryl	Vale, pues, lo veo pero el espía tiene un arma. Creo que está robando al señor Archer	false		false				
slater	Ah, en fin, lo han descubierto. La inteligencia Argentina va por él y hay que sacarlo de allí cagando leches	false		false				
criminal	Tu puta madre, me has disparado!	false		false				
ray	Y por lo visto le va muy bien	false		false				
criminal	Solo es una de las muchísimas otras cosas que podría estar haciendo	false		false				
randy	Stan, Stan	false		false				
lana	Vamos a hablar de beber tres litros de mexicanos negors antes de conducir con tu hija y un actuante dentro	false		false				
malory	¿Por qué no te callas? Tengo que pensar	false		false				
lana	Desde luego estás conmocionado	false		false				
criminal	Y de dónde viene lo de piso franco, verdad? Tendrían que llamarlos pisos sin nombre. Pero aquí estoy a salvo, no?	false		false				
kyle	"""Y si lo llevas a uno de esos lugares de empeño. En cada dos cuadras hay un sujeto con un cartel que dice: """"compramos oro"""". Mucha gente lo hace"""	false		false				
lana	Uh	false		false				
todos	Sí	false		false				
malory	¿A quién iban a elegir si no?	false		false				
malory	Cyril, ponle a cría salvo	false		false				
conway	No puedo, no tengo la infromación	false		false				
stan	Lo siento, mi papá está tomándose el sarcasmobol profesional muy en serio	false		false				
randy	Sí, somos tus padres, no podemos decirte qué hacer	true	insinceridad,alusión	false	contrario	calidad	norma	representativo
archer	Si nos pasa algo a los dos, ¿quién se hará cargo de la niña?	false		false				
archer	Y por qué me cuentas esto?	false		false				
cyril	Pues ahora que lo dices, sí se le veía un poco nervioso	false		false				
archer	Y yo. Pagar por pasar veintiquatro horas en una yurta es sin duda la tontería más grande que has hecho	false		false				
mr. mackey	Eh, salgan del campo, m'kay	false		false				
archer	Pero te lo dije por tu bien	false		false				
cyril	Así es justo cómo murió Bret	false		false				
lana	No me parece el momento para hablar de eso	false		false				
criminal	Ya la cerramos con llave?	false		false				
malory	Lana, supongo que era una analogía deportiva para hacernos de menos, pero aceptamos la misión. ¿Verdad Sterling?	false		false				
espectador	¡Duro con ellos! ¡Amor con compasión!	true	insinceridad,alusión	false	distinto	calidad		directivo
archer	Antes de que me dispares, puedo decirte una cosa?	false		false				
criminal	Bueno vale	false		false				
dependiente de oro	Oro de cuatorce quilates, o sea cuatorce dólares al gramo en el mercado, tenemos unos cuatro grámos. Esto es una pérdida de tiempo. Puedo ofrecerte un burrito de seis capas por esto	false		false				
randy	Papá, no deberías gastar el dinero de tu jubilación en frivolidades. Deberías guardarlo para cuando te mueras y ese dinero es nuestro	false		false				
lana	Aún así mentiste cuando me dijiste que no ibas a beber	false		false				
criminal	De mi primo, la que me diste no daba pego, y pensé que con una de verdad me metería más en el papel	false		false				
archer	Te lo dije	false		false				
cartman	Y ese brazaleta de tanzanita nueve noventa y cinco	false		false				
randy	Perdón, perdón, momento, no debo ser sarcástico. Volveré a intentar. Escuchen todos, si permiten que sus hijos jueguen a sarcasmobol, son unos genios.	true	insinceridad	false	distinto	calidad		expresivo,representativo
lana	Hablemos de esto luego	false		false				
malory	Idiota, todavía no come sólidos!	false		false				
archer	No	false		false				
criminal	Eso es muy cañero	false		false				
animador	Y con eso los Browns están listos para batir el balón contra los Broncos	false		false				
criminal	Yo creo que lo he bordado	false		false				
stan	De qué estás hablando?	false		false				
slater	Bueno, no vamos a poner un par de novatos sin experiencia en la lineación inicial de la amenaza…	false		false				
kyle	No podemos	false		false				
archer	Oh, por favor, sabemos que es Buenos Aires	false		false				
criminal	Se ha ido?	false		false				
dependiente de oro	Bien, ocho dólares	false		false				
animador	Bienvenidos a Rome, donde hablamos de sarcasmobol. No puedo esperar. No puedo esperar para hablar de sarcasmobol porque es tan interesante. Me acompaña el entrenador de los Broncos de Denver e inventor de sarcasmobol, Randy Marsh. Gracias por estar aquí Randy, estoy feliz de que estés en el programa.	true	insinceridad	false	distinto	claidad,cantidad		representativo,expresivo
cheryl	Vuélvete a Canadá, Ben Jhonsson!	false		false				
malory	Lo sabía, en el fondo de mi corazón, sabía que era de los buenos	true	insinceridad	true	contrario	calidad		expresivo
pam	Pues si no vamos a jugar al poker	false		false				
slater	Porque pusiste en pelígro su misión	false		false				
slater	Esperé que ya haya pasado. Creía que iban a reformar este sitio	false		false				
niño	Hola, cuánto me ofrecerías por esto?	false		false				
cyril	No es el sueño improvisable?	false		false				
cheryl	Mal y en exceso	false		false				
malory	Krieger, andabamos allí cuando fui a buscar hielo. Vamos al laboratorio de ese monstruo	false		false				
lana	Porque estaré sin móvil, así que si ves que no eres capaz de 	false		false				
conway	Mentía. es mi verdadero nombre	false		false				
ray	Pero bueno	false		false				
krieger	No, esperad, el osíto está por aquí, o estaba. Os juro que… ¿Osíto?	false		false				
butters	¿Y creemos que North va a llevarse la victoria solo porque son más amables que nosotros? La amabilidad, la llevamos adentro. Cuando el enémigo sea amable, nosotros le devolvemos la amabilidad. Si nos dan dos calvos, les damos tres.	false		false				
archer	Chúpamela	false		false				
madre de stan	¿Cómo se soluciona, doctor?	false		false				
abuelo	Ves eso, Villy? Es una esmeralda en oro de cuatorce quilates. Crees que le gustaría algo así a tu hermanita?	false		false				
randy	¡Boom! ¿Vieron ese golpe?	false		false				
pam	Cago en la leche	false		false				
mr. mackey	¿Y a los alumnos les gustará eso?	false		false				
médico	¿Sabe qué? Tengo un paciente de cincuenta años con alzheimer esperándome que no recuerda ni a su familia. Olvidémonos de él y concentrémonos en los supuestos efectos del sarcasmobol en el cerebro	true	insinceridad	true	distinto	calidad	norma	directivo,representativo
kyle	Eso cuesta tanto?	false		false				
lana	No se compra, hombre, se	false		false				
conway	Horatio Kane	false		false				
dependiente de oro	Qué buen ojo! Es muy listo! Se aprovecha de mí, le gusta joder a mujeres asiáticas?	false		false				
archer	Yo qué sé, digo yo qué será	false		false				
sujeto de comprar oro 2	Lo han entendido mal. Las joyas que venden en eso canales ni siquiera son las nuestras. Son de la India, del mismo lugar de qué proviene sus refranes	false		false				
vivian	Oooo... Me llamo Vivian	false		false				
conway	¿De dónde? ¿Del coño de tu madre?	true	alusión	true	distinto	manera,calidad,relevancia	expectación	representativo
stan	Ah, sí esto podría funcionar	false		false				
